-- MySQL Script generated by MySQL Workbench
-- 08/16/17 22:36:08
-- Model: New Model    Version: 1.0
-- MySQL Workbench Forward Engineering

SET @OLD_UNIQUE_CHECKS=@@UNIQUE_CHECKS, UNIQUE_CHECKS=0;
SET @OLD_FOREIGN_KEY_CHECKS=@@FOREIGN_KEY_CHECKS, FOREIGN_KEY_CHECKS=0;
SET @OLD_SQL_MODE=@@SQL_MODE, SQL_MODE='TRADITIONAL,ALLOW_INVALID_DATES';

-- -----------------------------------------------------
-- Schema id2617362_zapateriaonline
-- -----------------------------------------------------

-- -----------------------------------------------------
-- Table `id2617362_zapateriaonline`.`dato_empresa`
-- -----------------------------------------------------
DROP TABLE IF EXISTS `id2617362_zapateriaonline`.`dato_empresa` ;

CREATE TABLE IF NOT EXISTS `id2617362_zapateriaonline`.`dato_empresa` (
  `id_dato` INT NOT NULL AUTO_INCREMENT,
  `nombre_empresa` VARCHAR(45) NOT NULL,
  `mision` VARCHAR(500) NOT NULL,
  `Vision` VARCHAR(500) NOT NULL,
  `logo` VARCHAR(60) NULL,
  `correo` VARCHAR(45) NOT NULL,
  `telefono` INT NOT NULL,
  PRIMARY KEY (`id_dato`))
ENGINE = InnoDB;


-- -----------------------------------------------------
-- Table `id2617362_zapateriaonline`.`rol`
-- -----------------------------------------------------
DROP TABLE IF EXISTS `id2617362_zapateriaonline`.`rol` ;

CREATE TABLE IF NOT EXISTS `id2617362_zapateriaonline`.`rol` (
  `id_rol` INT NOT NULL AUTO_INCREMENT,
  `cargo` VARCHAR(45) NOT NULL,
  PRIMARY KEY (`id_rol`))
ENGINE = InnoDB;


-- -----------------------------------------------------
-- Table `id2617362_zapateriaonline`.`admin`
-- -----------------------------------------------------
DROP TABLE IF EXISTS `id2617362_zapateriaonline`.`admin` ;

CREATE TABLE IF NOT EXISTS `id2617362_zapateriaonline`.`admin` (
  `idadmin` INT NOT NULL AUTO_INCREMENT,
  `nombre` VARCHAR(45) NOT NULL,
  `apellido` VARCHAR(45) NOT NULL,
  `correo` VARCHAR(45) NOT NULL,
  `contraseña` VARCHAR(45) NOT NULL,
  `telefono` INT NULL,
  `cargo` VARCHAR(45) NOT NULL,
  `estado` TINYINT(1) NOT NULL,
  `rol_id_rol` INT NOT NULL,
  `dato_empresa_id_dato` INT NOT NULL,
  PRIMARY KEY (`idadmin`, `rol_id_rol`),
  INDEX `fk_admin_rol1_idx` (`rol_id_rol` ASC),
  INDEX `fk_admin_dato_empresa1_idx` (`dato_empresa_id_dato` ASC),
  CONSTRAINT `fk_admin_rol1`
    FOREIGN KEY (`rol_id_rol`)
    REFERENCES `id2617362_zapateriaonline`.`rol` (`id_rol`)
    ON DELETE NO ACTION
    ON UPDATE NO ACTION,
  CONSTRAINT `fk_admin_dato_empresa1`
    FOREIGN KEY (`dato_empresa_id_dato`)
    REFERENCES `id2617362_zapateriaonline`.`dato_empresa` (`id_dato`)
    ON DELETE NO ACTION
    ON UPDATE NO ACTION)
ENGINE = InnoDB;


-- -----------------------------------------------------
-- Table `id2617362_zapateriaonline`.`marca`
-- -----------------------------------------------------
DROP TABLE IF EXISTS `id2617362_zapateriaonline`.`marca` ;

CREATE TABLE IF NOT EXISTS `id2617362_zapateriaonline`.`marca` (
  `id_marca` INT NOT NULL AUTO_INCREMENT,
  `marca` VARCHAR(45) NOT NULL,
  PRIMARY KEY (`id_marca`))
ENGINE = InnoDB;


-- -----------------------------------------------------
-- Table `id2617362_zapateriaonline`.`departamento`
-- -----------------------------------------------------
DROP TABLE IF EXISTS `id2617362_zapateriaonline`.`departamento` ;

CREATE TABLE IF NOT EXISTS `id2617362_zapateriaonline`.`departamento` (
  `id_departamento` INT NOT NULL,
  `departamento` VARCHAR(45) NOT NULL,
  PRIMARY KEY (`id_departamento`))
ENGINE = InnoDB;


-- -----------------------------------------------------
-- Table `id2617362_zapateriaonline`.`costo_envio`
-- -----------------------------------------------------
DROP TABLE IF EXISTS `id2617362_zapateriaonline`.`costo_envio` ;

CREATE TABLE IF NOT EXISTS `id2617362_zapateriaonline`.`costo_envio` (
  `id_costo` INT NOT NULL,
  `costo` INT NOT NULL,
  `departamento_id_departamento` INT NOT NULL,
  PRIMARY KEY (`id_costo`),
  INDEX `fk_costo_envio_departamento1_idx` (`departamento_id_departamento` ASC),
  CONSTRAINT `fk_costo_envio_departamento1`
    FOREIGN KEY (`departamento_id_departamento`)
    REFERENCES `id2617362_zapateriaonline`.`departamento` (`id_departamento`)
    ON DELETE NO ACTION
    ON UPDATE NO ACTION)
ENGINE = InnoDB;


-- -----------------------------------------------------
-- Table `id2617362_zapateriaonline`.`usuario`
-- -----------------------------------------------------
DROP TABLE IF EXISTS `id2617362_zapateriaonline`.`usuario` ;

CREATE TABLE IF NOT EXISTS `id2617362_zapateriaonline`.`usuario` (
  `correo` VARCHAR(45) NOT NULL,
  `contrasena` VARCHAR(45) NOT NULL,
  `nombre` VARCHAR(45) NOT NULL,
  `apellido` VARCHAR(45) NOT NULL,
  `estado` INT NOT NULL,
  `rol_id_rol` INT NOT NULL,
  PRIMARY KEY (`correo`, `rol_id_rol`),
  INDEX `fk_usuario_rol1_idx` (`rol_id_rol` ASC),
  CONSTRAINT `fk_usuario_rol1`
    FOREIGN KEY (`rol_id_rol`)
    REFERENCES `id2617362_zapateriaonline`.`rol` (`id_rol`)
    ON DELETE NO ACTION
    ON UPDATE NO ACTION)
ENGINE = InnoDB;


-- -----------------------------------------------------
-- Table `id2617362_zapateriaonline`.`forma_pago`
-- -----------------------------------------------------
DROP TABLE IF EXISTS `id2617362_zapateriaonline`.`forma_pago` ;

CREATE TABLE IF NOT EXISTS `id2617362_zapateriaonline`.`forma_pago` (
  `id_tipo_pago` INT NOT NULL,
  `tipo_pago` VARCHAR(45) NOT NULL,
  `usuario_correo` VARCHAR(45) NOT NULL,
  `usuario_rol_id_rol` INT NOT NULL,
  PRIMARY KEY (`id_tipo_pago`),
  INDEX `fk_forma_pago_usuario1_idx` (`usuario_correo` ASC, `usuario_rol_id_rol` ASC),
  CONSTRAINT `fk_forma_pago_usuario1`
    FOREIGN KEY (`usuario_correo` , `usuario_rol_id_rol`)
    REFERENCES `id2617362_zapateriaonline`.`usuario` (`correo` , `rol_id_rol`)
    ON DELETE NO ACTION
    ON UPDATE NO ACTION)
ENGINE = InnoDB;


-- -----------------------------------------------------
-- Table `id2617362_zapateriaonline`.`PAYPAL`
-- -----------------------------------------------------
DROP TABLE IF EXISTS `id2617362_zapateriaonline`.`PAYPAL` ;

CREATE TABLE IF NOT EXISTS `id2617362_zapateriaonline`.`PAYPAL` (
  `id` INT NOT NULL AUTO_INCREMENT,
  `correo` VARCHAR(45) NOT NULL,
  `monto` INT NOT NULL,
  `forma_pago_id_tipo_pago` INT NOT NULL,
  PRIMARY KEY (`id`),
  INDEX `fk_PAYPAL_forma_pago1_idx` (`forma_pago_id_tipo_pago` ASC),
  CONSTRAINT `fk_PAYPAL_forma_pago1`
    FOREIGN KEY (`forma_pago_id_tipo_pago`)
    REFERENCES `id2617362_zapateriaonline`.`forma_pago` (`id_tipo_pago`)
    ON DELETE NO ACTION
    ON UPDATE NO ACTION)
ENGINE = InnoDB;


-- -----------------------------------------------------
-- Table `id2617362_zapateriaonline`.`tarjeta_credito`
-- -----------------------------------------------------
DROP TABLE IF EXISTS `id2617362_zapateriaonline`.`tarjeta_credito` ;

CREATE TABLE IF NOT EXISTS `id2617362_zapateriaonline`.`tarjeta_credito` (
  `id_tdc` INT NOT NULL AUTO_INCREMENT,
  `numero_tdc` INT(16) NOT NULL,
  `fecha_expiracion` INT(4) NOT NULL,
  `CCV2` INT NOT NULL,
  `nombre_titular` VARCHAR(45) NOT NULL,
  `forma_pago_id_tipo_pago` INT NOT NULL,
  PRIMARY KEY (`id_tdc`),
  INDEX `fk_tarjeta_credito_forma_pago1_idx` (`forma_pago_id_tipo_pago` ASC),
  CONSTRAINT `fk_tarjeta_credito_forma_pago1`
    FOREIGN KEY (`forma_pago_id_tipo_pago`)
    REFERENCES `id2617362_zapateriaonline`.`forma_pago` (`id_tipo_pago`)
    ON DELETE NO ACTION
    ON UPDATE NO ACTION)
ENGINE = InnoDB;


-- -----------------------------------------------------
-- Table `id2617362_zapateriaonline`.`direccion_envio`
-- -----------------------------------------------------
DROP TABLE IF EXISTS `id2617362_zapateriaonline`.`direccion_envio` ;

CREATE TABLE IF NOT EXISTS `id2617362_zapateriaonline`.`direccion_envio` (
  `id` INT NOT NULL AUTO_INCREMENT,
  `nombre` VARCHAR(45) NOT NULL,
  `apellido` VARCHAR(45) NOT NULL,
  `telefono` VARCHAR(8) NOT NULL,
  `correo` VARCHAR(45) NOT NULL,
  `codigo_postal` VARCHAR(45) NOT NULL,
  `direccion` VARCHAR(100) NOT NULL,
  `departamento_id_departamento` INT NOT NULL,
  `usuario_correo` VARCHAR(45) NOT NULL,
  `usuario_rol_id_rol` INT NOT NULL,
  PRIMARY KEY (`id`),
  INDEX `fk_direccion_envio_departamento1_idx` (`departamento_id_departamento` ASC),
  INDEX `fk_direccion_envio_usuario1_idx` (`usuario_correo` ASC, `usuario_rol_id_rol` ASC),
  CONSTRAINT `fk_direccion_envio_departamento1`
    FOREIGN KEY (`departamento_id_departamento`)
    REFERENCES `id2617362_zapateriaonline`.`departamento` (`id_departamento`)
    ON DELETE NO ACTION
    ON UPDATE NO ACTION,
  CONSTRAINT `fk_direccion_envio_usuario1`
    FOREIGN KEY (`usuario_correo` , `usuario_rol_id_rol`)
    REFERENCES `id2617362_zapateriaonline`.`usuario` (`correo` , `rol_id_rol`)
    ON DELETE NO ACTION
    ON UPDATE NO ACTION)
ENGINE = InnoDB;


-- -----------------------------------------------------
-- Table `id2617362_zapateriaonline`.`proveedor`
-- -----------------------------------------------------
DROP TABLE IF EXISTS `id2617362_zapateriaonline`.`proveedor` ;

CREATE TABLE IF NOT EXISTS `id2617362_zapateriaonline`.`proveedor` (
  `id_proveedor` INT NOT NULL AUTO_INCREMENT,
  `nombre` VARCHAR(45) NOT NULL,
  `apellido` VARCHAR(45) NOT NULL,
  `empresa` VARCHAR(45) NOT NULL,
  `telefono` INT NOT NULL,
  `correo` VARCHAR(45) NOT NULL,
  PRIMARY KEY (`id_proveedor`))
ENGINE = InnoDB;


-- -----------------------------------------------------
-- Table `id2617362_zapateriaonline`.`direccion_facturacion`
-- -----------------------------------------------------
DROP TABLE IF EXISTS `id2617362_zapateriaonline`.`direccion_facturacion` ;

CREATE TABLE IF NOT EXISTS `id2617362_zapateriaonline`.`direccion_facturacion` (
  `id` INT NOT NULL AUTO_INCREMENT,
  `nombre` VARCHAR(45) NOT NULL,
  `apellido` VARCHAR(45) NOT NULL,
  `telefono` INT NOT NULL,
  `correo` VARCHAR(45) NOT NULL,
  `codigo_postal` INT NOT NULL,
  `direccion` VARCHAR(45) NOT NULL,
  `departamento_id_departamento` INT NOT NULL,
  `usuario_correo` VARCHAR(45) NOT NULL,
  `usuario_rol_id_rol` INT NOT NULL,
  PRIMARY KEY (`id`),
  INDEX `fk_direccion_facturacion_departamento1_idx` (`departamento_id_departamento` ASC),
  INDEX `fk_direccion_facturacion_usuario1_idx` (`usuario_correo` ASC, `usuario_rol_id_rol` ASC),
  CONSTRAINT `fk_direccion_facturacion_departamento1`
    FOREIGN KEY (`departamento_id_departamento`)
    REFERENCES `id2617362_zapateriaonline`.`departamento` (`id_departamento`)
    ON DELETE NO ACTION
    ON UPDATE NO ACTION,
  CONSTRAINT `fk_direccion_facturacion_usuario1`
    FOREIGN KEY (`usuario_correo` , `usuario_rol_id_rol`)
    REFERENCES `id2617362_zapateriaonline`.`usuario` (`correo` , `rol_id_rol`)
    ON DELETE NO ACTION
    ON UPDATE NO ACTION)
ENGINE = InnoDB;


-- -----------------------------------------------------
-- Table `id2617362_zapateriaonline`.`talla`
-- -----------------------------------------------------
DROP TABLE IF EXISTS `id2617362_zapateriaonline`.`talla` ;

CREATE TABLE IF NOT EXISTS `id2617362_zapateriaonline`.`talla` (
  `id_talla` INT NOT NULL AUTO_INCREMENT,
  `tamaño` INT NOT NULL,
  PRIMARY KEY (`id_talla`))
ENGINE = InnoDB;


-- -----------------------------------------------------
-- Table `id2617362_zapateriaonline`.`color`
-- -----------------------------------------------------
DROP TABLE IF EXISTS `id2617362_zapateriaonline`.`color` ;

CREATE TABLE IF NOT EXISTS `id2617362_zapateriaonline`.`color` (
  `id_color` INT NOT NULL AUTO_INCREMENT,
  `descripcion` VARCHAR(45) NOT NULL,
  PRIMARY KEY (`id_color`))
ENGINE = InnoDB;


-- -----------------------------------------------------
-- Table `id2617362_zapateriaonline`.`categoria`
-- -----------------------------------------------------
DROP TABLE IF EXISTS `id2617362_zapateriaonline`.`categoria` ;

CREATE TABLE IF NOT EXISTS `id2617362_zapateriaonline`.`categoria` (
  `id_categoria` INT NOT NULL AUTO_INCREMENT,
  `nombre` VARCHAR(45) NOT NULL,
  `descripcion` VARCHAR(45) NOT NULL,
  PRIMARY KEY (`id_categoria`))
ENGINE = InnoDB;


-- -----------------------------------------------------
-- Table `id2617362_zapateriaonline`.`producto`
-- -----------------------------------------------------
DROP TABLE IF EXISTS `id2617362_zapateriaonline`.`producto` ;

CREATE TABLE IF NOT EXISTS `id2617362_zapateriaonline`.`producto` (
  `id_producto` INT NOT NULL AUTO_INCREMENT,
  `precio` INT NOT NULL,
  `descripción` VARCHAR(45) NOT NULL,
  `imagen` VARCHAR(60) NOT NULL,
  `nombre` VARCHAR(45) NOT NULL,
  `descuento` INT NULL,
  `proveedor_id_proveedor` INT NOT NULL,
  `talla_id_talla` INT NOT NULL,
  `color_id_color` INT NOT NULL,
  `categoria_id_categoria` INT NOT NULL,
  `marca_id_marca` INT NOT NULL,
  PRIMARY KEY (`id_producto`, `categoria_id_categoria`, `marca_id_marca`),
  INDEX `fk_producto_proveedor1_idx` (`proveedor_id_proveedor` ASC),
  INDEX `fk_producto_talla1_idx` (`talla_id_talla` ASC),
  INDEX `fk_producto_color1_idx` (`color_id_color` ASC),
  INDEX `fk_producto_categoria1_idx` (`categoria_id_categoria` ASC),
  INDEX `fk_producto_marca1_idx` (`marca_id_marca` ASC),
  CONSTRAINT `fk_producto_proveedor1`
    FOREIGN KEY (`proveedor_id_proveedor`)
    REFERENCES `id2617362_zapateriaonline`.`proveedor` (`id_proveedor`)
    ON DELETE NO ACTION
    ON UPDATE NO ACTION,
  CONSTRAINT `fk_producto_talla1`
    FOREIGN KEY (`talla_id_talla`)
    REFERENCES `id2617362_zapateriaonline`.`talla` (`id_talla`)
    ON DELETE NO ACTION
    ON UPDATE NO ACTION,
  CONSTRAINT `fk_producto_color1`
    FOREIGN KEY (`color_id_color`)
    REFERENCES `id2617362_zapateriaonline`.`color` (`id_color`)
    ON DELETE NO ACTION
    ON UPDATE NO ACTION,
  CONSTRAINT `fk_producto_categoria1`
    FOREIGN KEY (`categoria_id_categoria`)
    REFERENCES `id2617362_zapateriaonline`.`categoria` (`id_categoria`)
    ON DELETE NO ACTION
    ON UPDATE NO ACTION,
  CONSTRAINT `fk_producto_marca1`
    FOREIGN KEY (`marca_id_marca`)
    REFERENCES `id2617362_zapateriaonline`.`marca` (`id_marca`)
    ON DELETE NO ACTION
    ON UPDATE NO ACTION)
ENGINE = InnoDB;


-- -----------------------------------------------------
-- Table `id2617362_zapateriaonline`.`tipo_descuento`
-- -----------------------------------------------------
DROP TABLE IF EXISTS `id2617362_zapateriaonline`.`tipo_descuento` ;

CREATE TABLE IF NOT EXISTS `id2617362_zapateriaonline`.`tipo_descuento` (
  `id_tipo_descuento` INT NOT NULL AUTO_INCREMENT,
  `descripcion` VARCHAR(45) NOT NULL,
  PRIMARY KEY (`id_tipo_descuento`))
ENGINE = InnoDB;


-- -----------------------------------------------------
-- Table `id2617362_zapateriaonline`.`descuento`
-- -----------------------------------------------------
DROP TABLE IF EXISTS `id2617362_zapateriaonline`.`descuento` ;

CREATE TABLE IF NOT EXISTS `id2617362_zapateriaonline`.`descuento` (
  `id_descuento` INT NOT NULL AUTO_INCREMENT,
  `porcentaje` DOUBLE NOT NULL,
  `producto_id_producto` INT NOT NULL,
  `tipo_descuento_id_tipo_descuento` INT NOT NULL,
  PRIMARY KEY (`id_descuento`, `tipo_descuento_id_tipo_descuento`),
  INDEX `fk_descuento_producto1_idx` (`producto_id_producto` ASC),
  INDEX `fk_descuento_tipo_descuento1_idx` (`tipo_descuento_id_tipo_descuento` ASC),
  CONSTRAINT `fk_descuento_producto1`
    FOREIGN KEY (`producto_id_producto`)
    REFERENCES `id2617362_zapateriaonline`.`producto` (`id_producto`)
    ON DELETE NO ACTION
    ON UPDATE NO ACTION,
  CONSTRAINT `fk_descuento_tipo_descuento1`
    FOREIGN KEY (`tipo_descuento_id_tipo_descuento`)
    REFERENCES `id2617362_zapateriaonline`.`tipo_descuento` (`id_tipo_descuento`)
    ON DELETE NO ACTION
    ON UPDATE NO ACTION)
ENGINE = InnoDB;


-- -----------------------------------------------------
-- Table `id2617362_zapateriaonline`.`subcategoria`
-- -----------------------------------------------------
DROP TABLE IF EXISTS `id2617362_zapateriaonline`.`subcategoria` ;

CREATE TABLE IF NOT EXISTS `id2617362_zapateriaonline`.`subcategoria` (
  `id_categoria` INT NOT NULL AUTO_INCREMENT,
  `nombre` VARCHAR(45) NOT NULL,
  `descripcion` VARCHAR(45) NOT NULL,
  `categoria_id_categoria` INT NOT NULL,
  PRIMARY KEY (`id_categoria`),
  INDEX `fk_subcategoria_categoria1_idx` (`categoria_id_categoria` ASC),
  CONSTRAINT `fk_subcategoria_categoria1`
    FOREIGN KEY (`categoria_id_categoria`)
    REFERENCES `id2617362_zapateriaonline`.`categoria` (`id_categoria`)
    ON DELETE NO ACTION
    ON UPDATE NO ACTION)
ENGINE = InnoDB;


-- -----------------------------------------------------
-- Table `id2617362_zapateriaonline`.`historial_compra`
-- -----------------------------------------------------
DROP TABLE IF EXISTS `id2617362_zapateriaonline`.`historial_compra` ;

CREATE TABLE IF NOT EXISTS `id2617362_zapateriaonline`.`historial_compra` (
  `id_historial` INT NOT NULL,
  `nombreProducto` VARCHAR(45) NOT NULL,
  PRIMARY KEY (`id_historial`))
ENGINE = InnoDB;


-- -----------------------------------------------------
-- Table `id2617362_zapateriaonline`.`existencia`
-- -----------------------------------------------------
DROP TABLE IF EXISTS `id2617362_zapateriaonline`.`existencia` ;

CREATE TABLE IF NOT EXISTS `id2617362_zapateriaonline`.`existencia` (
  `id` INT NOT NULL,
  `cantidad` INT NOT NULL,
  `producto_id_producto` INT NOT NULL,
  PRIMARY KEY (`id`),
  INDEX `fk_existencia_producto1_idx` (`producto_id_producto` ASC),
  CONSTRAINT `fk_existencia_producto1`
    FOREIGN KEY (`producto_id_producto`)
    REFERENCES `id2617362_zapateriaonline`.`producto` (`id_producto`)
    ON DELETE NO ACTION
    ON UPDATE NO ACTION)
ENGINE = InnoDB;


-- -----------------------------------------------------
-- Table `id2617362_zapateriaonline`.`facturacion`
-- -----------------------------------------------------
DROP TABLE IF EXISTS `id2617362_zapateriaonline`.`facturacion` ;

CREATE TABLE IF NOT EXISTS `id2617362_zapateriaonline`.`facturacion` (
  `id_factura` INT NOT NULL,
  `descripcion` VARCHAR(45) NOT NULL,
  `cantidad` VARCHAR(45) NOT NULL,
  `precio_unitario` VARCHAR(45) NOT NULL,
  `precio_total` VARCHAR(45) NOT NULL,
  PRIMARY KEY (`id_factura`))
ENGINE = InnoDB;


-- -----------------------------------------------------
-- Table `id2617362_zapateriaonline`.`municipio`
-- -----------------------------------------------------
DROP TABLE IF EXISTS `id2617362_zapateriaonline`.`municipio` ;

CREATE TABLE IF NOT EXISTS `id2617362_zapateriaonline`.`municipio` (
  `id_municipio` INT NOT NULL,
  `municipio` VARCHAR(45) NOT NULL,
  `departamento_id_departamento` INT NOT NULL,
  PRIMARY KEY (`id_municipio`),
  INDEX `fk_municipio_departamento1_idx` (`departamento_id_departamento` ASC),
  CONSTRAINT `fk_municipio_departamento1`
    FOREIGN KEY (`departamento_id_departamento`)
    REFERENCES `id2617362_zapateriaonline`.`departamento` (`id_departamento`)
    ON DELETE NO ACTION
    ON UPDATE NO ACTION)
ENGINE = InnoDB;


-- -----------------------------------------------------
-- Table `id2617362_zapateriaonline`.`orden`
-- -----------------------------------------------------
DROP TABLE IF EXISTS `id2617362_zapateriaonline`.`orden` ;

CREATE TABLE IF NOT EXISTS `id2617362_zapateriaonline`.`orden` (
  `id_orden` INT NOT NULL AUTO_INCREMENT,
  `fecha` DATE NOT NULL,
  `total` VARCHAR(45) NOT NULL,
  `usuario_correo` VARCHAR(45) NOT NULL,
  `usuario_rol_id_rol` INT NOT NULL,
  `costo_envio_id_costo` INT NOT NULL,
  PRIMARY KEY (`id_orden`, `usuario_correo`, `usuario_rol_id_rol`, `costo_envio_id_costo`),
  INDEX `fk_orden_usuario1_idx` (`usuario_correo` ASC, `usuario_rol_id_rol` ASC),
  INDEX `fk_orden_costo_envio1_idx` (`costo_envio_id_costo` ASC),
  CONSTRAINT `fk_orden_usuario1`
    FOREIGN KEY (`usuario_correo` , `usuario_rol_id_rol`)
    REFERENCES `id2617362_zapateriaonline`.`usuario` (`correo` , `rol_id_rol`)
    ON DELETE NO ACTION
    ON UPDATE NO ACTION,
  CONSTRAINT `fk_orden_costo_envio1`
    FOREIGN KEY (`costo_envio_id_costo`)
    REFERENCES `id2617362_zapateriaonline`.`costo_envio` (`id_costo`)
    ON DELETE NO ACTION
    ON UPDATE NO ACTION)
ENGINE = InnoDB;


-- -----------------------------------------------------
-- Table `id2617362_zapateriaonline`.`devolucion`
-- -----------------------------------------------------
DROP TABLE IF EXISTS `id2617362_zapateriaonline`.`devolucion` ;

CREATE TABLE IF NOT EXISTS `id2617362_zapateriaonline`.`devolucion` (
  `id_devolución` INT NOT NULL,
  `fecha` DATE NOT NULL,
  `precio_unitario` INT NOT NULL,
  `cantidad` INT NOT NULL,
  `total` INT NOT NULL,
  `justificacion` VARCHAR(100) NOT NULL,
  `orden_id_orden` INT NOT NULL,
  `orden_usuario_correo` VARCHAR(45) NOT NULL,
  `orden_usuario_rol_id_rol` INT NOT NULL,
  PRIMARY KEY (`id_devolución`),
  INDEX `fk_devolucion_orden1_idx` (`orden_id_orden` ASC, `orden_usuario_correo` ASC, `orden_usuario_rol_id_rol` ASC),
  CONSTRAINT `fk_devolucion_orden1`
    FOREIGN KEY (`orden_id_orden` , `orden_usuario_correo` , `orden_usuario_rol_id_rol`)
    REFERENCES `id2617362_zapateriaonline`.`orden` (`id_orden` , `usuario_correo` , `usuario_rol_id_rol`)
    ON DELETE NO ACTION
    ON UPDATE NO ACTION)
ENGINE = InnoDB;


-- -----------------------------------------------------
-- Table `id2617362_zapateriaonline`.`comentario`
-- -----------------------------------------------------
DROP TABLE IF EXISTS `id2617362_zapateriaonline`.`comentario` ;

CREATE TABLE IF NOT EXISTS `id2617362_zapateriaonline`.`comentario` (
  `id_comentario` INT NOT NULL,
  `comentario` VARCHAR(45) NOT NULL,
  `estado` TINYINT(1) NOT NULL,
  `producto_id_producto` INT NOT NULL,
  `producto_categoria_id_categoria` INT NOT NULL,
  `producto_marca_id_marca` INT NOT NULL,
  `usuario_correo` VARCHAR(45) NOT NULL,
  `usuario_rol_id_rol` INT NOT NULL,
  PRIMARY KEY (`id_comentario`, `producto_id_producto`, `producto_categoria_id_categoria`, `producto_marca_id_marca`, `usuario_correo`, `usuario_rol_id_rol`),
  INDEX `fk_comentario_producto1_idx` (`producto_id_producto` ASC, `producto_categoria_id_categoria` ASC, `producto_marca_id_marca` ASC),
  INDEX `fk_comentario_usuario1_idx` (`usuario_correo` ASC, `usuario_rol_id_rol` ASC),
  CONSTRAINT `fk_comentario_producto1`
    FOREIGN KEY (`producto_id_producto` , `producto_categoria_id_categoria` , `producto_marca_id_marca`)
    REFERENCES `id2617362_zapateriaonline`.`producto` (`id_producto` , `categoria_id_categoria` , `marca_id_marca`)
    ON DELETE NO ACTION
    ON UPDATE NO ACTION,
  CONSTRAINT `fk_comentario_usuario1`
    FOREIGN KEY (`usuario_correo` , `usuario_rol_id_rol`)
    REFERENCES `id2617362_zapateriaonline`.`usuario` (`correo` , `rol_id_rol`)
    ON DELETE NO ACTION
    ON UPDATE NO ACTION)
ENGINE = InnoDB;


-- -----------------------------------------------------
-- Table `id2617362_zapateriaonline`.`mensajeria`
-- -----------------------------------------------------
DROP TABLE IF EXISTS `id2617362_zapateriaonline`.`mensajeria` ;

CREATE TABLE IF NOT EXISTS `id2617362_zapateriaonline`.`mensajeria` (
  `id_mensajeria` INT NOT NULL AUTO_INCREMENT,
  `mensajes` VARCHAR(45) NOT NULL,
  `usuario_correo` VARCHAR(45) NOT NULL,
  `usuario_rol_id_rol` INT NOT NULL,
  PRIMARY KEY (`id_mensajeria`),
  INDEX `fk_mensajeria_usuario1_idx` (`usuario_correo` ASC, `usuario_rol_id_rol` ASC),
  CONSTRAINT `fk_mensajeria_usuario1`
    FOREIGN KEY (`usuario_correo` , `usuario_rol_id_rol`)
    REFERENCES `id2617362_zapateriaonline`.`usuario` (`correo` , `rol_id_rol`)
    ON DELETE NO ACTION
    ON UPDATE NO ACTION)
ENGINE = InnoDB;


-- -----------------------------------------------------
-- Table `id2617362_zapateriaonline`.`Carrito`
-- -----------------------------------------------------
DROP TABLE IF EXISTS `id2617362_zapateriaonline`.`Carrito` ;

CREATE TABLE IF NOT EXISTS `id2617362_zapateriaonline`.`Carrito` (
  `id_carrito` INT NOT NULL AUTO_INCREMENT,
  `cantidad` INT NOT NULL,
  `subtotal` INT NOT NULL,
  `orden_id_orden` INT NOT NULL,
  `producto_id_producto` INT NOT NULL,
  `producto_categoria_id_categoria` INT NOT NULL,
  `producto_marca_id_marca` INT NOT NULL,
  PRIMARY KEY (`id_carrito`),
  INDEX `fk_detalle_orden_orden1_idx` (`orden_id_orden` ASC),
  INDEX `fk_detalle_orden_producto1_idx` (`producto_id_producto` ASC, `producto_categoria_id_categoria` ASC, `producto_marca_id_marca` ASC),
  CONSTRAINT `fk_detalle_orden_orden1`
    FOREIGN KEY (`orden_id_orden`)
    REFERENCES `id2617362_zapateriaonline`.`orden` (`id_orden`)
    ON DELETE NO ACTION
    ON UPDATE NO ACTION,
  CONSTRAINT `fk_detalle_orden_producto1`
    FOREIGN KEY (`producto_id_producto` , `producto_categoria_id_categoria` , `producto_marca_id_marca`)
    REFERENCES `id2617362_zapateriaonline`.`producto` (`id_producto` , `categoria_id_categoria` , `marca_id_marca`)
    ON DELETE NO ACTION
    ON UPDATE NO ACTION)
ENGINE = InnoDB;

--
-- Volcado de datos para la tabla `rol`
--

INSERT INTO `rol` (`id_rol`, `cargo`) VALUES
(1, 'usuario'),
(2, 'Administrador'),
(3, 'tecnico');


--
-- Volcado de datos para la tabla `proveedor`
--

INSERT INTO `proveedor` (`id_proveedor`, `nombre`, `apellido`, `empresa`, `telefono`, `correo`) VALUES
(1, 'Mario', 'Casas', 'ADOC', 71426985, 'correo@gmail.com');


--
-- Volcado de datos para la tabla `marca`
--

INSERT INTO `marca` (`id_marca`, `marca`) VALUES
(1, 'Nike'),
(2, 'All Star'),
(3, 'Adidas'),
(4, 'Reebok'),
(5, 'Elizabeth');

--
-- Volcado de datos para la tabla `departamento`
--

INSERT INTO `departamento` (`id_departamento`, `departamento`) VALUES
(1, 'Ahuachapan'),
(2, 'Cabanas'),
(3, 'Chalatenango'),
(4, 'Cuscatlan'),
(5, 'La Libertad'),
(6, 'La Paz'),
(7, 'La Union'),
(8, 'Morazan'),
(9, 'Santa Ana'),
(10, 'San Miguel'),
(11, 'San Salvador'),
(12, 'San Vicente'),
(13, 'Sonsonate'),
(14, 'Usulutan');


--
-- Volcado de datos para la tabla `municipio`
--

INSERT INTO `municipio` (`id_municipio`, `municipio`, `departamento_id_departamento`) VALUES
(1, 'Ahuachapan', 1),
(2, 'Apaneca', 1),
(3, 'Atiquizaya', 1),
(4, 'Concepcion de Ataco', 1),
(5, 'El Refugio', 1),
(6, 'Guaymango', 1),
(7, 'Jujutla', 1),
(8, 'San Francisco Menendez', 1),
(9, 'San Lorenzo', 1),
(10, 'San Pedro Puxtla', 1),
(11, 'Tacuba', 1),
(12, 'Turin', 1),
(13, 'Cinquera', 2),
(14, 'Dolores/Villa Dolores', 2),
(15, 'Guacotecti', 2),
(16, 'Ilobasco', 2),
(17, 'Jutiapa', 2),
(18, 'San Isidro', 2),
(19, 'Sensutepeque', 2),
(20, 'Tejutepeque', 2),
(21, 'Victoria', 2),
(22, 'Agua caliente', 3),
(23, 'Arcatao', 3),
(24, 'Azacualpa', 3),
(25, 'Chalatenango', 3),
(26, 'Citala', 3),
(27, 'Comalapa', 3),
(28, 'Concepcion Quetzaltepeque', 3),
(29, 'Dulce nombre de Maria', 3),
(30, 'El Carrizal', 3),
(31, 'El Paraiso', 3),
(32, 'La Laguna', 3),
(33, 'La Palma', 3),
(34, 'La Reina', 3),
(35, 'Las Vueltas', 3),
(36, 'Nombre de Jesus', 3),
(37, 'Nueva Concepcion', 3),
(38, 'Nueva Trinidad', 3),
(39, 'Ojos de Agua', 3),
(40, 'Potonico', 3),
(41, 'San Antonio de la Cruz', 3),
(42, 'San Antonio de los Ranchos', 3),
(43, 'San Fernando', 3),
(44, 'San Francisco Lempa', 3),
(45, 'San Francisco Morazan', 3),
(46, 'San Ignasio', 3),
(47, 'San Isidro Labrador', 3),
(48, 'San Jose Cancasque / Cancasque', 3),
(49, 'San Jose Las Flores / Las Flores', 3),
(50, 'San Luis del Carmen', 3),
(51, 'San Miguel de Mercedes', 3),
(52, 'San Rafael', 3),
(53, 'Santa rita', 3),
(54, 'tejutla', 3),
(55, 'candelaria', 4),
(56, 'Cojutepeque', 4),
(57, 'El carmen', 4),
(58, 'El Rosario', 4),
(59, 'Monte San Juan', 4),
(60, 'Oratorio de concepcion', 4),
(61, 'San Bartolome Perulapia', 4),
(62, 'San Cristobal', 4),
(63, 'San Jose Guayabal', 4),
(64, 'San Pedro Perulapan', 4),
(65, 'San Rafael Cedros', 4),
(69, 'San Ramon', 4),
(70, 'Santa Cruz Analquito', 4),
(71, 'Santa Cruz Michapa', 4),
(72, 'Suchitoto', 4),
(73, 'tenancingo', 4),
(74, 'Antiguo Cuscatlan', 5),
(75, 'Chiltiupan', 5),
(76, 'Ciudad Arce', 5),
(77, 'Colon', 5),
(78, 'Comasagua', 5),
(79, 'Huizucar', 5),
(80, 'jayaque', 5),
(81, 'jicalapa', 5),
(82, 'La Libertad', 5),
(83, 'Santa Tecla', 5),
(84, 'Nuevo Cuscatlan', 5),
(85, 'San Juan Opico', 5),
(86, 'Quezaltepeque', 5),
(87, 'Sacacoyo', 5),
(88, 'San Jose Villanueva', 5),
(89, 'San Matias', 5),
(90, 'San Pablo Tacachico', 5),
(91, 'Talnique', 5),
(92, 'Tamanique', 5),
(93, 'Teotepeque', 5),
(94, 'Tepecoyo', 5),
(95, 'Zaragoza', 5),
(96, 'Cuyultitan', 6),
(97, 'El Rosario/Rosario de la paz', 6),
(98, 'Jerusalen', 6),
(99, 'Mercedes la ceiba', 6),
(100, 'Olocuilta', 6),
(101, 'Paraiso de Osorio', 6),
(102, 'San Antonio Masahuat', 6),
(103, 'San Emigdio', 6),
(104, 'San Francisco Chinameca', 6),
(105, 'San Juan Nonualco', 6),
(106, 'San Juan Talpa', 6),
(107, 'San Miguel Tepezontes', 6),
(108, 'San Pedro Masahuat', 6),
(109, 'San Pedro Nonualco', 6),
(110, 'San Rafael Obrajuelo', 6),
(111, 'Santa maria ostuma', 6),
(112, 'Santiago nonualco', 6),
(113, 'Tapalhuaca', 6),
(114, 'Zacatecoluca', 6),
(115, 'Anamoros', 7),
(116, 'Bolivar', 7),
(117, 'Concepcion de oriente', 7),
(118, 'Conchagua', 7),
(119, 'El Carmen', 7),
(120, 'El Sauce', 7),
(121, 'Intipuca', 7),
(122, 'La Union', 7),
(123, 'Lilisque', 7),
(124, 'Meanguera del Golfo', 7),
(125, 'Nueva Esparta', 7),
(126, 'Pasaquina', 7),
(127, 'Poloros', 7),
(128, 'San Alejo', 7),
(129, 'San Jose', 7),
(130, 'Santa Rosa de Lima', 7),
(131, 'Yayantique', 7),
(132, 'Yucuaiquin', 7),
(133, 'Arambala', 8),
(134, 'Cacaopera', 8),
(135, 'Chilanga', 8),
(136, 'Corinto', 8),
(137, 'Delicias de Concepcion', 8),
(138, 'El Divisadero', 8),
(139, 'El Rosario', 8),
(140, 'Gualococti', 8),
(141, 'Guatajiagua', 8),
(142, 'Joateca', 8),
(143, 'Jocoaitique', 8),
(144, 'Jocoro', 8),
(145, 'Lolotiquillo', 8),
(146, 'Meanguera', 8),
(147, 'Osicala', 8),
(148, 'Perquin', 8),
(149, 'San Carlos', 8),
(150, 'San Fernando', 8),
(151, 'San Francisco Gotera', 8),
(152, 'San Isidro', 8),
(153, 'San Simon', 8),
(154, 'Sensembra', 8),
(155, 'Sociedad', 8),
(156, 'Torola', 8),
(157, 'Yamabal', 8),
(158, 'Yoloaiquin', 8),
(159, 'Candelaria de la Frontera', 9),
(160, 'Chalchuapa', 9),
(161, 'Coatepeque', 9),
(162, 'El Congo', 9),
(163, 'El Porvenir', 9),
(164, 'Masahuat', 9),
(165, 'Metapan', 9),
(166, 'San Antonio Pajonal', 9),
(167, 'San Sebastian Salitrillo', 9),
(168, 'Santa Ana', 9),
(169, 'Santa Rosa Guachipilin', 9),
(170, 'Santiago de la Frontera', 9),
(171, 'Texistepeque', 9),
(172, 'Carolina', 10),
(173, 'chapeltipeque', 10),
(174, 'Chinameca', 10),
(175, 'Chirilagua', 10),
(176, 'Ciudad barrios', 10),
(177, 'Comacaran', 10),
(178, 'El Transito', 10),
(179, 'Lolotique', 10),
(180, 'Moncagua', 10),
(181, 'Nueva Guadalupe', 10),
(182, 'Nuevo Eden de San Juan', 10),
(183, 'Quelepa', 10),
(184, 'San Antonio del Mosco', 10),
(185, 'San Gerardo', 10),
(186, 'San Jorge', 10),
(187, 'San Luis de la Reina', 10),
(188, 'San Miguel', 10),
(189, 'San Rafael Oriente', 10),
(190, 'Sesori', 10),
(191, 'Uluazapa', 10),
(192, 'Aguilares', 11),
(193, 'Apopa', 11),
(194, 'Ayutuxtepeque', 11),
(195, 'Delgado', 11),
(196, 'Cuscatancingo', 11),
(197, 'El Paisnal', 11),
(198, 'Guazapa', 11),
(199, 'Ilopango', 11),
(200, 'Mejicanos', 11),
(201, 'Nejapa', 11),
(202, 'Panchimalco', 11),
(203, 'Rosario de Mora', 11),
(204, 'San Marcos', 11),
(205, 'San Martin', 11),
(206, 'San Salvador', 11),
(207, 'Santiago Texacuangos', 11),
(208, 'Santo Tomas', 11),
(209, 'Soyapango', 11),
(210, 'Tonacatepeque', 11),
(211, 'Apastepeque', 12),
(212, 'guadalupe', 12),
(213, 'San Cayetano Istepeque', 12),
(214, 'San Esteban Catarina', 12),
(215, 'San Ildefonso', 12),
(216, 'San Lorenzo', 12),
(217, 'San Sebastian', 12),
(218, 'San Vicente', 12),
(219, 'Santa Clara', 12),
(220, 'Santo Domingo', 12),
(221, 'Tecoluca', 12),
(222, 'Tepetitan', 12),
(223, 'Verapaz', 12),
(224, 'Acajutla', 13),
(225, 'Armenia', 13),
(226, 'Caluco', 13),
(227, 'Cuisnahuat', 13),
(228, 'Izalco', 13),
(229, 'Juayua', 13),
(230, 'Nahuizalco', 13),
(231, 'Nahuilingo', 13),
(232, 'Salcoatitan', 13),
(233, 'San Antonio del Monte', 13),
(234, 'San Julian', 13),
(235, 'Santa Catarina Masahuat', 13),
(236, 'Santa Isabel Ishuatan', 13),
(237, 'Santo Domingo de Guzman', 13),
(238, 'Sonsonate', 13),
(239, 'Sonzacate', 13),
(240, 'Alegria', 14),
(241, 'Berlin', 14),
(242, 'california', 14),
(243, 'Concepcion Batres', 14),
(244, 'El Triunfo', 14),
(245, 'Ereguayquin', 14),
(246, 'Estanzuelas', 14),
(247, 'Jiquilisco', 14),
(248, 'Jucuapa', 14),
(249, 'Jucuaran', 14),
(250, 'Mercedes Umana', 14),
(251, 'Nueva Granada', 14),
(252, 'Ozatlan', 14),
(253, 'Puerto el Triunfo', 14),
(254, 'San Agustin', 14),
(255, 'San Buenaventura', 14),
(256, 'San Dionisio', 14),
(257, 'San Francisco Javier', 14),
(258, 'Santa Elena', 14),
(259, 'Santa Maria', 14),
(260, 'Santiago de Maria', 14),
(261, 'Tecapan', 14),
(262, 'Usulutan', 14);


--
-- Volcado de datos para la tabla `color`
--


INSERT INTO `color` (`id_color`, `descripcion`) VALUES
(1, 'Morado'),
(2, 'Azul'),
(3, 'Rojo'),
(4, 'Negro'),
(5, 'Cafe');

--
-- Volcado de datos para la tabla `categoria`
--

INSERT INTO `categoria` (`id_categoria`, `nombre`, `descripcion`) VALUES
(1, 'Mujeres', 'Zapatos de mujeres'),
(2, 'Hombres', 'Zapates de hombres'),
(3, 'Niños', 'Zapatos de niños'),
(4, 'Unisex', 'Zapatos unisex'),
(5, 'Niñas', 'Zapatos de niñas');

--
-- Volcado de datos para la tabla `subcategoria`
--

INSERT INTO `subcategoria` (`id_categoria`, `nombre`, `descripcion`, `categoria_id_categoria`) VALUES
(1, 'Sneakers', 'Zapatos deportivos', 1),
(2, 'Sandalias', 'calzado de verano', 1),
(3, 'Sneakers', 'Zapatos deportivos', 2),
(4, 'Botas', 'Botas y botines', 2),
(5, 'Sandalias', 'calzado de verano', 5),
(6, 'Sneakers', 'Zapatos deportivos', 5),
(7, 'Sneakers', 'Zapatos informales', 4),
(8, 'Frogs', 'Para estar en casa', 4),
(9, 'Botas', 'Botas y botines', 3),
(10, 'Formales', 'Zapatos para ocasiones especiales', 3);

--
-- Volcado de datos para la tabla `talla`
--

INSERT INTO `talla` (`id_talla`, `tamaño`) VALUES
(1, 5),
(2, 4),
(3, 6),
(4, 7),
(5, 8);

--
-- Volcado de datos para la tabla `dato_empresa`
--
INSERT INTO `dato_empresa` (`id_dato`, `nombre_empresa`, `mision`, `Vision`, `logo`, `correo`, `telefono`) VALUES
(1, 'Zapateria Doris', 'ser una empresa de competitividad nacional', 'crecer y vender mas que los demás', '', 'zapateriadoris@dorizzapatos.com', 71426501);


--
-- Volcado de datos para la tabla `costo_envio`
--

INSERT INTO `costo_envio` (`id_costo`, `costo`, `departamento_id_departamento`) VALUES
(1, 10, 1),
(2, 5, 2),
(3, 8, 3),
(4, 3, 4),
(5, 7, 5),
(6, 3, 6),
(7, 10, 7),
(8, 4, 8),
(9, 4, 9),
(10, 6, 10),
(11, 7, 11),
(12, 1, 12),
(13, 9, 13),
(14, 10, 14);




--
-- Volcado de datos para la tabla `direccion_envio`
--

INSERT INTO `direccion_envio` (`id`, `nombre`, `apellido`, `telefono`, `correo`, `codigo_postal`, `direccion`, `departamento_id_departamento`, `usuario_correo`, `usuario_rol_id_rol`) VALUES
(1, 'Carlos', 'Aguilar', '71403620', 'aasd@gmail.com', '2301', 1, 10, 'aasd@gmail.com', 1);


--
-- Volcado de datos para la tabla `direccion_facturacion`
--

INSERT INTO `direccion_facturacion` (`id`, `nombre`, `apellido`, `telefono`, `correo`, `codigo_postal`, `direccion`, `departamento_id_departamento`, `usuario_correo`, `usuario_rol_id_rol`) VALUES
(1, 'carlos', 'aguilar', 71458978, 'asdqw@gmail.com', 2301, 'san salvador', 10, 'aasd@gmail.com', 1),
(2, 'luis', 'barrera', 78956410, 'gtdfh@gmail.com', 1250, 'col.san jose a la par de un pedazo de tierra', 10, 'gtdfh@gmail.com', 1),
(3, 'Kelly', 'Cortez', 45896230, 'qwerty@gmail.com', 1101, 'col las flores', 10, 'qwerty@gmail.com', 1);



--
-- Volcado de datos para la tabla `existencia`
--

INSERT INTO `existencia` (`id`, `cantidad`, `producto_id_producto`) VALUES
(1, 10, 1),
(2, 11, 2),
(3, 4, 1),
(4, 4, 2),
(5, 1, 1);


--
-- Volcado de datos para la tabla `facturacion`
--

INSERT INTO `facturacion` (`id_factura`, `descripcion`, `cantidad`, `precio_unitario`, `precio_total`) VALUES
(1, 'compra de zapatos', '1', '10', '10');


--
-- Volcado de datos para la tabla `forma_pago`
--

INSERT INTO `forma_pago` (`id_tipo_pago`, `tipo_pago`, `usuario_correo`, `usuario_rol_id_rol`) VALUES
(1, 'Tarjeta de crédito', 'aasd@gmail.com', 1),
(2, 'Paypal', 'gtdfh@gmail.com', 1);




--
-- Volcado de datos para la tabla `mensajeria`
--

INSERT INTO `mensajeria` (`id_mensajeria`, `mensajes`, `usuario_correo`, `usuario_rol_id_rol`) VALUES
(1, 'Por favor construyan bien el sitio', 'aasd@gmail.com', 1),
(2, 'actualizar inventario de productos de hombre', 'gtdfh@gmail.com', 1),
(3, 'Cuando viene el siguiente pedido?', 'qwerty@gmail.com', 1),
(4, 'Cuando vienen las plataformas', 'qwhijk@gmail.com', 1),
(5, 'Muy buen sitio', 'sfdryy@gmail.com', 1);



--
-- Volcado de datos para la tabla `orden`
--

INSERT INTO `orden` (`id_orden`, `fecha`, `total`, `usuario_correo`, `usuario_rol_id_rol`, `costo_envio_id_costo`) VALUES
(1, '2017-08-17', '100', 'aasd@gmail.com', 1, 7);


--
-- Volcado de datos para la tabla `paypal`
--

INSERT INTO `PAYPAL` (`id`, `correo`, `monto`, `forma_pago_id_tipo_pago`) VALUES
(1, 'kcortez@hotmail.com', 10, 2);


--
-- Volcado de datos para la tabla `producto`
--

INSERT INTO `producto` (`id_producto`, `precio`, `descripción`, `imagen`, `nombre`, `descuento`, `proveedor_id_proveedor`, `talla_id_talla`, `color_id_color`, `categoria_id_categoria`, `marca_id_marca`) VALUES
(1, 30, 'zapatos deportivos', 'no hay', 'Total 90', 1, 1, 1, 2, 2, 2),
(2, 30, 'Plataformas de señorita', 'no hay', 'Elizabeth', 1, 1, 3, 3, 1, 3);


--
-- Volcado de datos para la tabla `tarjeta_credito`
--

INSERT INTO `tarjeta_credito` (`id_tdc`, `numero_tdc`, `fecha_expiracion`, `CCV2`, `nombre_titular`, `forma_pago_id_tipo_pago`) VALUES
(1, 10254897, 1228, 123, 'Jorge Rivas', 1);

--
-- Volcado de datos para la tabla `tipo_descuento`
--

INSERT INTO `tipo_descuento` (`id_tipo_descuento`, `descripcion`) VALUES
(1, 'Cupón de descuento'),
(2, 'Código de descuento'),
(3, 'Primera compra'),
(4, 'Segundo a mitad de precio'),
(5, 'Liquidación');

--
-- Volcado de datos para la tabla `descuento`
--

INSERT INTO `descuento` (`id_descuento`, `porcentaje`, `producto_id_producto`, `tipo_descuento_id_tipo_descuento`) VALUES
(1, 0.15, 1, 1),
(2, 0.1, 2, 4);

--
-- Volcado de datos para la tabla `usuario`
--

INSERT INTO `usuario` (`correo`, `contrasena`, `nombre`, `apellido`, `estado`, `rol_id_rol`) VALUES
('aasd@gmail.com', '1234', 'carlos', 'aguilar', 1, 1),
('gtdfh@gmail.com', '1587', 'luis', 'barrera', 1, 1),
('qwerty@gmail.com', '123456', 'Kelly', 'Cortez', 1, 1),
('qwhijk@gmail.com', 'qwerty', 'maria', 'perez', 1, 1),
('sfdryy@gmail.com', '63789', 'ana', 'funes', 1, 1);
--
-- Volcado de datos para la tabla `admin`
--

INSERT INTO `admin` (`idadmin`, `nombre`, `apellido`, `correo`, `contraseña`, `telefono`, `cargo`, `estado`, `rol_id_rol`, `dato_empresa_id_dato`) VALUES
(1, 'Kelly', 'Cortez', 'kcortez@hotmail.com', '12345', 71458968, 'Administradora', 1, 2, 1);
SET SQL_MODE=@OLD_SQL_MODE;
SET FOREIGN_KEY_CHECKS=@OLD_FOREIGN_KEY_CHECKS;
SET UNIQUE_CHECKS=@OLD_UNIQUE_CHECKS;
